{"cameraMode":{"drawMode":0,"name":"Shaded","section":"Shading Mode"},"sceneLighting":true,"audioPlay":false,"sceneViewState":{"m_AlwaysRefresh":false,"showFog":true,"showSkybox":true,"showFlares":true,"showImageEffects":true,"showParticleSystems":true,"showVisualEffectGraphs":true,"m_FxEnabled":true},"in2DMode":false,"pivot":{"x":-1.2369482517242432,"y":1.092574119567871,"z":31.965909957885743},"rotation":{"x":0.004851115867495537,"y":-0.9945307374000549,"z":0.09155624359846115,"w":0.05104260891675949},"size":1.8526325225830079,"orthographic":false}