{"cameraMode":{"drawMode":0,"name":"Shaded","section":"Shading Mode"},"sceneLighting":true,"audioPlay":false,"sceneViewState":{"m_AlwaysRefresh":false,"showFog":true,"showSkybox":true,"showFlares":true,"showImageEffects":true,"showParticleSystems":true,"showVisualEffectGraphs":true,"m_FxEnabled":true},"in2DMode":false,"pivot":{"x":4.742530822753906,"y":1.3890526294708253,"z":30.147029876708986},"rotation":{"x":0.042685508728027347,"y":-0.8033259510993958,"z":0.05791981890797615,"w":0.5912561416625977},"size":1.5592334270477296,"orthographic":false}