{"cameraMode":{"drawMode":0,"name":"Shaded","section":"Shading Mode"},"sceneLighting":true,"audioPlay":false,"sceneViewState":{"m_AlwaysRefresh":false,"showFog":true,"showSkybox":true,"showFlares":true,"showImageEffects":true,"showParticleSystems":true,"showVisualEffectGraphs":true,"m_FxEnabled":true},"in2DMode":false,"pivot":{"x":-3.5345582962036135,"y":-1.9729061126708985,"z":-10.563684463500977},"rotation":{"x":-0.061282843351364139,"y":-0.9387117028236389,"z":0.23600724339485169,"w":-0.24377650022506715},"size":12.83912467956543,"orthographic":false}