{"cameraMode":{"drawMode":0,"name":"Shaded","section":"Shading Mode"},"sceneLighting":true,"audioPlay":false,"sceneViewState":{"m_AlwaysRefresh":false,"showFog":true,"showSkybox":true,"showFlares":true,"showImageEffects":true,"showParticleSystems":true,"showVisualEffectGraphs":true,"m_FxEnabled":true},"in2DMode":false,"pivot":{"x":10.249680519104004,"y":2.1614346504211427,"z":0.07938504219055176},"rotation":{"x":-0.12204910814762116,"y":0.6754761338233948,"z":-0.11474981158971787,"w":-0.7181520462036133},"size":4.977056980133057,"orthographic":false}