{"cameraMode":{"drawMode":0,"name":"Shaded","section":"Shading Mode"},"sceneLighting":true,"audioPlay":false,"sceneViewState":{"m_AlwaysRefresh":false,"showFog":true,"showSkybox":true,"showFlares":true,"showImageEffects":true,"showParticleSystems":true,"showVisualEffectGraphs":true,"m_FxEnabled":true},"in2DMode":false,"pivot":{"x":5.2965826988220219,"y":6.7454681396484379,"z":29.39264678955078},"rotation":{"x":0.07074213027954102,"y":-0.7784730792045593,"z":0.08909858018159867,"w":0.6173592805862427},"size":1.5592334270477296,"orthographic":false}