{"cameraMode":{"drawMode":0,"name":"Shaded","section":"Shading Mode"},"sceneLighting":false,"audioPlay":false,"sceneViewState":{"m_AlwaysRefresh":false,"showFog":true,"showSkybox":false,"showFlares":true,"showImageEffects":true,"showParticleSystems":true,"showVisualEffectGraphs":true,"m_FxEnabled":true},"in2DMode":false,"pivot":{"x":0.7316602468490601,"y":0.12842009961605073,"z":-0.10334786772727967},"rotation":{"x":0.006752724293619394,"y":-0.7483194470405579,"z":0.007255380507558584,"w":0.6634286046028137},"size":0.5189247131347656,"orthographic":false}