{"cameraMode":{"drawMode":0,"name":"Shaded","section":"Shading Mode"},"sceneLighting":true,"audioPlay":false,"sceneViewState":{"m_AlwaysRefresh":false,"showFog":true,"showSkybox":true,"showFlares":true,"showImageEffects":true,"showParticleSystems":true,"showVisualEffectGraphs":true,"m_FxEnabled":true},"in2DMode":false,"pivot":{"x":-0.16092827916145326,"y":1.4607082605361939,"z":-2.34033203125},"rotation":{"x":0.00019007778610102832,"y":0.994462251663208,"z":-0.10511542856693268,"w":0.001791264396160841},"size":3.8122777938842775,"orthographic":false}