{"cameraMode":{"drawMode":0,"name":"Shaded","section":"Shading Mode"},"sceneLighting":false,"audioPlay":false,"sceneViewState":{"m_AlwaysRefresh":false,"showFog":true,"showSkybox":false,"showFlares":true,"showImageEffects":true,"showParticleSystems":true,"showVisualEffectGraphs":true,"m_FxEnabled":true},"in2DMode":false,"pivot":{"x":0.17061808705329896,"y":0.04470019042491913,"z":-0.4554459750652313},"rotation":{"x":-0.07572382688522339,"y":-0.7419684529304504,"z":0.08530712127685547,"w":-0.6607714891433716},"size":0.662384033203125,"orthographic":false}