{"cameraMode":{"drawMode":0,"name":"Shaded","section":"Shading Mode"},"sceneLighting":false,"audioPlay":false,"sceneViewState":{"m_AlwaysRefresh":false,"showFog":true,"showSkybox":false,"showFlares":true,"showImageEffects":true,"showParticleSystems":true,"showVisualEffectGraphs":true,"m_FxEnabled":true},"in2DMode":false,"pivot":{"x":-12.571187019348145,"y":-2.0511536598205568,"z":-1.6023502349853516},"rotation":{"x":0.05024108290672302,"y":-0.7554146647453308,"z":0.058008212596178058,"w":0.6508920788764954},"size":7.555436611175537,"orthographic":false}